{"v":"5.7.5","fr":30,"ip":0,"op":261,"w":600,"h":600,"nm":"Saving Precious Seconds_FINAL_WILL","ddd":0,"assets":[],"layers":[{"ddd":0,"ind":1,"ty":3,"nm":"Null 14","sr":1,"ks":{"o":{"a":0,"k":0,"ix":11},"r":{"a":0,"k":0,"ix":10},"p":{"a":0,"k":[316,359,0],"ix":2,"l":2},"a":{"a":0,"k":[0,0,0],"ix":1,"l":2},"s":{"a":0,"k":[48,48,100],"ix":6,"l":2}},"ao":0,"ip":0,"op":261,"st":0,"bm":0},{"ddd":0,"ind":2,"ty":4,"nm":"Ellipse 2420 Outlines 13","parent":1,"td":1,"sr":1,"ks":{"o":{"a":0,"k":100,"ix":11},"r":{"a":0,"k":0,"ix":10},"p":{"a":0,"k":[-31.856,-125.838,0],"ix":2,"l":2},"a":{"a":0,"k":[57,57,0],"ix":1,"l":2},"s":{"a":1,"k":[{"i":{"x":[0,0,0],"y":[1,1,1]},"o":{"x":[0.4,0.4,0.4],"y":[0,0,0]},"t":40,"s":[200,200,100]},{"i":{"x":[0,0,0],"y":[1,1,1]},"o":{"x":[0.167,0.167,0.167],"y":[0,0,0]},"t":51,"s":[512,512,100]},{"i":{"x":[0,0,0],"y":[1,1,1]},"o":{"x":[0.167,0.167,0.167],"y":[0,0,0]},"t":92,"s":[512,512,100]},{"i":{"x":[0,0,0],"y":[1,1,1]},"o":{"x":[0.167,0.167,0.167],"y":[0,0,0]},"t":103,"s":[624,624,100]},{"i":{"x":[0,0,0],"y":[1,1,1]},"o":{"x":[0.167,0.167,0.167],"y":[0,0,0]},"t":162,"s":[945,945,100]},{"t":185,"s":[945,945,100]}],"ix":6,"l":2}},"ao":0,"shapes":[{"ty":"gr","it":[{"ind":0,"ty":"sh","ix":1,"ks":{"a":0,"k":{"i":[[0,-31.48],[31.48,0],[0,31.48],[-31.48,0]],"o":[[0,31.48],[-31.48,0],[0,-31.48],[31.48,0]],"v":[[57,0],[0,57],[-57,0],[0,-57]],"c":true},"ix":2},"nm":"Path 1","mn":"ADBE Vector Shape - Group","hd":false},{"ty":"fl","c":{"a":0,"k":[1,1,1,1],"ix":4},"o":{"a":0,"k":100,"ix":5},"r":1,"bm":0,"nm":"Fill 1","mn":"ADBE Vector Graphic - Fill","hd":false},{"ty":"tr","p":{"a":0,"k":[57,57],"ix":2},"a":{"a":0,"k":[0,0],"ix":1},"s":{"a":0,"k":[100,100],"ix":3},"r":{"a":0,"k":0,"ix":6},"o":{"a":0,"k":100,"ix":7},"sk":{"a":0,"k":0,"ix":4},"sa":{"a":0,"k":0,"ix":5},"nm":"Transform"}],"nm":"Group 1","np":2,"cix":2,"bm":0,"ix":1,"mn":"ADBE Vector Group","hd":false}],"ip":10,"op":261,"st":-22,"bm":0},{"ddd":0,"ind":3,"ty":4,"nm":"Group 3478 Outlines 2","parent":16,"tt":3,"sr":1,"ks":{"o":{"a":0,"k":100,"ix":11},"r":{"a":0,"k":0,"ix":10},"p":{"a":0,"k":[50.615,26.974,0],"ix":2,"l":2},"a":{"a":0,"k":[5.488,25.481,0],"ix":1,"l":2},"s":{"a":1,"k":[{"i":{"x":[0,0,0],"y":[1,1,1]},"o":{"x":[0.4,0.4,0.4],"y":[0,0,0]},"t":104,"s":[37.267,37.267,100]},{"t":109,"s":[54.267,54.267,100]}],"ix":6,"l":2}},"ao":0,"shapes":[{"ty":"gr","it":[{"ind":0,"ty":"sh","ix":1,"ks":{"a":0,"k":{"i":[[0,0],[0,0],[0,0],[0,0]],"o":[[0,0],[0,0],[0,0],[0,0]],"v":[[4.557,24.881],[5.442,-24.703],[-4.557,-24.881],[-5.442,24.703]],"c":true},"ix":2},"nm":"Path 1","mn":"ADBE Vector Shape - Group","hd":false},{"ty":"fl","c":{"a":0,"k":[0.239216000426,0.862744978362,0.517646998985,1],"ix":4},"o":{"a":0,"k":100,"ix":5},"r":1,"bm":0,"nm":"Fill 1","mn":"ADBE Vector Graphic - Fill","hd":false},{"ty":"tr","p":{"a":0,"k":[5.442,24.881],"ix":2},"a":{"a":0,"k":[0,0],"ix":1},"s":{"a":0,"k":[100,100],"ix":3},"r":{"a":0,"k":0,"ix":6},"o":{"a":0,"k":100,"ix":7},"sk":{"a":0,"k":0,"ix":4},"sa":{"a":0,"k":0,"ix":5},"nm":"Transform"}],"nm":"Group 3","np":2,"cix":2,"bm":0,"ix":3,"mn":"ADBE Vector Group","hd":false}],"ip":104,"op":194,"st":104,"bm":0},{"ddd":0,"ind":4,"ty":4,"nm":"Ellipse 2420 Outlines 12","parent":1,"td":1,"sr":1,"ks":{"o":{"a":0,"k":100,"ix":11},"r":{"a":0,"k":0,"ix":10},"p":{"a":0,"k":[-31.856,-125.838,0],"ix":2,"l":2},"a":{"a":0,"k":[57,57,0],"ix":1,"l":2},"s":{"a":1,"k":[{"i":{"x":[0,0,0],"y":[1,1,1]},"o":{"x":[0.4,0.4,0.4],"y":[0,0,0]},"t":40,"s":[200,200,100]},{"i":{"x":[0,0,0],"y":[1,1,1]},"o":{"x":[0.167,0.167,0.167],"y":[0,0,0]},"t":51,"s":[512,512,100]},{"i":{"x":[0,0,0],"y":[1,1,1]},"o":{"x":[0.167,0.167,0.167],"y":[0,0,0]},"t":92,"s":[512,512,100]},{"i":{"x":[0,0,0],"y":[1,1,1]},"o":{"x":[0.167,0.167,0.167],"y":[0,0,0]},"t":103,"s":[624,624,100]},{"i":{"x":[0,0,0],"y":[1,1,1]},"o":{"x":[0.167,0.167,0.167],"y":[0,0,0]},"t":162,"s":[945,945,100]},{"t":185,"s":[945,945,100]}],"ix":6,"l":2}},"ao":0,"shapes":[{"ty":"gr","it":[{"ind":0,"ty":"sh","ix":1,"ks":{"a":0,"k":{"i":[[0,-31.48],[31.48,0],[0,31.48],[-31.48,0]],"o":[[0,31.48],[-31.48,0],[0,-31.48],[31.48,0]],"v":[[57,0],[0,57],[-57,0],[0,-57]],"c":true},"ix":2},"nm":"Path 1","mn":"ADBE Vector Shape - Group","hd":false},{"ty":"fl","c":{"a":0,"k":[1,1,1,1],"ix":4},"o":{"a":0,"k":100,"ix":5},"r":1,"bm":0,"nm":"Fill 1","mn":"ADBE Vector Graphic - Fill","hd":false},{"ty":"tr","p":{"a":0,"k":[57,57],"ix":2},"a":{"a":0,"k":[0,0],"ix":1},"s":{"a":0,"k":[100,100],"ix":3},"r":{"a":0,"k":0,"ix":6},"o":{"a":0,"k":100,"ix":7},"sk":{"a":0,"k":0,"ix":4},"sa":{"a":0,"k":0,"ix":5},"nm":"Transform"}],"nm":"Group 1","np":2,"cix":2,"bm":0,"ix":1,"mn":"ADBE Vector Group","hd":false}],"ip":10,"op":261,"st":-22,"bm":0},{"ddd":0,"ind":5,"ty":4,"nm":"Group 3478 Outlines 3","parent":16,"tt":3,"sr":1,"ks":{"o":{"a":0,"k":100,"ix":11},"r":{"a":0,"k":0,"ix":10},"p":{"a":0,"k":[67.987,32.682,0],"ix":2,"l":2},"a":{"a":0,"k":[37.5,36,0],"ix":1,"l":2},"s":{"a":1,"k":[{"i":{"x":[0,0,0],"y":[1,1,1]},"o":{"x":[0.4,0.4,0.4],"y":[0,0,0]},"t":101,"s":[37.267,37.267,100]},{"t":106,"s":[54.267,54.267,100]}],"ix":6,"l":2}},"ao":0,"shapes":[{"ty":"gr","it":[{"ind":0,"ty":"sh","ix":1,"ks":{"a":0,"k":{"i":[[0,0],[0,0],[0,0],[0,0]],"o":[[0,0],[0,0],[0,0],[0,0]],"v":[[-10.98,21.616],[18.77,-15.346],[10.98,-21.616],[-18.77,15.346]],"c":true},"ix":2},"nm":"Path 1","mn":"ADBE Vector Shape - Group","hd":false},{"ty":"fl","c":{"a":0,"k":[0.239216000426,0.862744978362,0.517646998985,1],"ix":4},"o":{"a":0,"k":100,"ix":5},"r":1,"bm":0,"nm":"Fill 1","mn":"ADBE Vector Graphic - Fill","hd":false},{"ty":"tr","p":{"a":0,"k":[35.402,34.456],"ix":2},"a":{"a":0,"k":[0,0],"ix":1},"s":{"a":0,"k":[100,100],"ix":3},"r":{"a":0,"k":0,"ix":6},"o":{"a":0,"k":100,"ix":7},"sk":{"a":0,"k":0,"ix":4},"sa":{"a":0,"k":0,"ix":5},"nm":"Transform"}],"nm":"Group 2","np":2,"cix":2,"bm":0,"ix":2,"mn":"ADBE Vector Group","hd":false}],"ip":101,"op":194,"st":101,"bm":0},{"ddd":0,"ind":6,"ty":4,"nm":"Ellipse 2420 Outlines 11","parent":1,"td":1,"sr":1,"ks":{"o":{"a":0,"k":100,"ix":11},"r":{"a":0,"k":0,"ix":10},"p":{"a":0,"k":[-31.856,-125.838,0],"ix":2,"l":2},"a":{"a":0,"k":[57,57,0],"ix":1,"l":2},"s":{"a":1,"k":[{"i":{"x":[0,0,0],"y":[1,1,1]},"o":{"x":[0.4,0.4,0.4],"y":[0,0,0]},"t":40,"s":[200,200,100]},{"i":{"x":[0,0,0],"y":[1,1,1]},"o":{"x":[0.167,0.167,0.167],"y":[0,0,0]},"t":51,"s":[512,512,100]},{"i":{"x":[0,0,0],"y":[1,1,1]},"o":{"x":[0.167,0.167,0.167],"y":[0,0,0]},"t":92,"s":[512,512,100]},{"i":{"x":[0,0,0],"y":[1,1,1]},"o":{"x":[0.167,0.167,0.167],"y":[0,0,0]},"t":103,"s":[624,624,100]},{"i":{"x":[0,0,0],"y":[1,1,1]},"o":{"x":[0.167,0.167,0.167],"y":[0,0,0]},"t":162,"s":[945,945,100]},{"t":185,"s":[945,945,100]}],"ix":6,"l":2}},"ao":0,"shapes":[{"ty":"gr","it":[{"ind":0,"ty":"sh","ix":1,"ks":{"a":0,"k":{"i":[[0,-31.48],[31.48,0],[0,31.48],[-31.48,0]],"o":[[0,31.48],[-31.48,0],[0,-31.48],[31.48,0]],"v":[[57,0],[0,57],[-57,0],[0,-57]],"c":true},"ix":2},"nm":"Path 1","mn":"ADBE Vector Shape - Group","hd":false},{"ty":"fl","c":{"a":0,"k":[1,1,1,1],"ix":4},"o":{"a":0,"k":100,"ix":5},"r":1,"bm":0,"nm":"Fill 1","mn":"ADBE Vector Graphic - Fill","hd":false},{"ty":"tr","p":{"a":0,"k":[57,57],"ix":2},"a":{"a":0,"k":[0,0],"ix":1},"s":{"a":0,"k":[100,100],"ix":3},"r":{"a":0,"k":0,"ix":6},"o":{"a":0,"k":100,"ix":7},"sk":{"a":0,"k":0,"ix":4},"sa":{"a":0,"k":0,"ix":5},"nm":"Transform"}],"nm":"Group 1","np":2,"cix":2,"bm":0,"ix":1,"mn":"ADBE Vector Group","hd":false}],"ip":10,"op":261,"st":-22,"bm":0},{"ddd":0,"ind":7,"ty":4,"nm":"cars Outlines","parent":16,"tt":3,"sr":1,"ks":{"o":{"a":0,"k":100,"ix":11},"r":{"a":0,"k":0,"ix":10},"p":{"a":0,"k":[23.488,90.747,0],"ix":2,"l":2},"a":{"a":0,"k":[124,103.5,0],"ix":1,"l":2},"s":{"a":1,"k":[{"i":{"x":[0,0,0],"y":[1,1,1]},"o":{"x":[0.4,0.4,0.4],"y":[0,0,0]},"t":96,"s":[0,0,100]},{"t":104,"s":[54.267,54.267,100]}],"ix":6,"l":2}},"ao":0,"shapes":[{"ty":"gr","it":[{"ind":0,"ty":"sh","ix":1,"ks":{"a":0,"k":{"i":[[1.346,-3.831],[0,0],[0,0],[0,0],[4.135,0],[0,0]],"o":[[0,0],[0,0],[0,0],[-1.346,-3.831],[0,0],[-4.135,0]],"v":[[-55.101,-15.038],[-67.313,21.552],[67.313,21.552],[55.101,-15.038],[45.965,-21.552],[-45.965,-21.552]],"c":true},"ix":2},"nm":"Path 1","mn":"ADBE Vector Shape - Group","hd":false},{"ty":"fl","c":{"a":0,"k":[0.843137015548,0.937255021638,0.996078012504,1],"ix":4},"o":{"a":0,"k":100,"ix":5},"r":1,"bm":0,"nm":"Fill 1","mn":"ADBE Vector Graphic - Fill","hd":false},{"ty":"tr","p":{"a":0,"k":[151.456,79.192],"ix":2},"a":{"a":0,"k":[0,0],"ix":1},"s":{"a":0,"k":[100,100],"ix":3},"r":{"a":0,"k":0,"ix":6},"o":{"a":0,"k":100,"ix":7},"sk":{"a":0,"k":0,"ix":4},"sa":{"a":0,"k":0,"ix":5},"nm":"Transform"}],"nm":"Group 2","np":2,"cix":2,"bm":0,"ix":1,"mn":"ADBE Vector Group","hd":false},{"ty":"gr","it":[{"ind":0,"ty":"sh","ix":1,"ks":{"a":0,"k":{"i":[[0,-7.95],[-7.981,0],[0,7.95],[7.981,0]],"o":[[0,7.95],[7.981,0],[0,-7.95],[-7.981,0]],"v":[[-14.424,0],[0,14.368],[14.424,0],[0,-14.368]],"c":true},"ix":2},"nm":"Path 1","mn":"ADBE Vector Shape - Group","hd":false},{"ty":"fl","c":{"a":0,"k":[0.843137015548,0.937255021638,0.996078012504,1],"ix":4},"o":{"a":0,"k":100,"ix":5},"r":1,"bm":0,"nm":"Fill 1","mn":"ADBE Vector Graphic - Fill","hd":false},{"ty":"tr","p":{"a":0,"k":[204.345,134.269],"ix":2},"a":{"a":0,"k":[0,0],"ix":1},"s":{"a":0,"k":[100,100],"ix":3},"r":{"a":0,"k":0,"ix":6},"o":{"a":0,"k":100,"ix":7},"sk":{"a":0,"k":0,"ix":4},"sa":{"a":0,"k":0,"ix":5},"nm":"Transform"}],"nm":"Group 3","np":2,"cix":2,"bm":0,"ix":2,"mn":"ADBE Vector Group","hd":false},{"ty":"gr","it":[{"ind":0,"ty":"sh","ix":1,"ks":{"a":0,"k":{"i":[[0,-7.95],[-7.981,0],[0,7.95],[7.981,0]],"o":[[0,7.95],[7.981,0],[0,-7.95],[-7.981,0]],"v":[[-14.424,0],[0,14.368],[14.424,0],[0,-14.368]],"c":true},"ix":2},"nm":"Path 1","mn":"ADBE Vector Shape - Group","hd":false},{"ty":"fl","c":{"a":0,"k":[0.843137015548,0.937255021638,0.996078012504,1],"ix":4},"o":{"a":0,"k":100,"ix":5},"r":1,"bm":0,"nm":"Fill 1","mn":"ADBE Vector Graphic - Fill","hd":false},{"ty":"tr","p":{"a":0,"k":[98.567,134.269],"ix":2},"a":{"a":0,"k":[0,0],"ix":1},"s":{"a":0,"k":[100,100],"ix":3},"r":{"a":0,"k":0,"ix":6},"o":{"a":0,"k":100,"ix":7},"sk":{"a":0,"k":0,"ix":4},"sa":{"a":0,"k":0,"ix":5},"nm":"Transform"}],"nm":"Group 4","np":2,"cix":2,"bm":0,"ix":3,"mn":"ADBE Vector Group","hd":false},{"ty":"gr","it":[{"ind":0,"ty":"sh","ix":1,"ks":{"a":0,"k":{"i":[[0,0],[6.347,0],[0,0],[2.019,-5.651],[0,0],[0,-2.203],[0,0],[-7.981,0],[0,7.95],[0,0],[0,0],[0,0],[-7.981,0],[0,7.95],[0,0],[0.673,2.011]],"o":[[-1.923,-5.651],[0,0],[-6.347,0],[0,0],[-0.673,2.011],[0,0],[0,7.95],[7.981,0],[0,0],[0,0],[0,0],[0,7.854],[7.885,0],[0,0],[0,-2.107],[0,0]],"v":[[66.544,-66.954],[52.889,-76.629],[-52.889,-76.629],[-66.544,-66.954],[-85.488,-12.644],[-86.545,-6.322],[-86.545,62.261],[-72.121,76.629],[-57.697,62.261],[-57.697,57.472],[57.697,57.472],[57.697,62.261],[72.121,76.629],[86.545,62.261],[86.545,-6.322],[85.488,-12.644]],"c":true},"ix":2},"nm":"Path 1","mn":"ADBE Vector Shape - Group","hd":false},{"ty":"fl","c":{"a":0,"k":[0.239216000426,0.862744978362,0.517646998985,1],"ix":4},"o":{"a":0,"k":100,"ix":5},"r":1,"bm":0,"nm":"Fill 1","mn":"ADBE Vector Graphic - Fill","hd":false},{"ty":"tr","p":{"a":0,"k":[151.454,119.902],"ix":2},"a":{"a":0,"k":[0,0],"ix":1},"s":{"a":0,"k":[100,100],"ix":3},"r":{"a":0,"k":0,"ix":6},"o":{"a":0,"k":100,"ix":7},"sk":{"a":0,"k":0,"ix":4},"sa":{"a":0,"k":0,"ix":5},"nm":"Transform"}],"nm":"Group 5","np":2,"cix":2,"bm":0,"ix":4,"mn":"ADBE Vector Group","hd":false},{"ty":"gr","it":[{"ind":0,"ty":"sh","ix":1,"ks":{"a":0,"k":{"i":[[0,0],[0,0],[0,0],[0,0]],"o":[[0,0],[0,0],[0,0],[0,0]],"v":[[66.544,-66.954],[57.077,-63.733],[57.089,-63.697],[57.102,-63.661]],"c":true},"ix":2},"nm":"Path 1","mn":"ADBE Vector Shape - Group","hd":false},{"ind":1,"ty":"sh","ix":2,"ks":{"a":0,"k":{"i":[[0,0],[0,0],[0,0],[0,0]],"o":[[0,0],[0,0],[0,0],[0,0]],"v":[[-66.544,-66.954],[-75.961,-70.319],[-75.973,-70.284],[-75.986,-70.248]],"c":true},"ix":2},"nm":"Path 2","mn":"ADBE Vector Shape - Group","hd":false},{"ind":2,"ty":"sh","ix":3,"ks":{"a":0,"k":{"i":[[0,0],[0,0],[0,0],[0,0]],"o":[[0,0],[0,0],[0,0],[0,0]],"v":[[-85.488,-12.644],[-94.93,-15.937],[-94.951,-15.877],[-94.971,-15.817]],"c":true},"ix":2},"nm":"Path 3","mn":"ADBE Vector Shape - Group","hd":false},{"ind":3,"ty":"sh","ix":4,"ks":{"a":0,"k":{"i":[[0,0],[0,0],[0,0],[0,0]],"o":[[0,0],[0,0],[0,0],[0,0]],"v":[[-57.697,57.472],[-57.697,47.472],[-67.697,47.472],[-67.697,57.472]],"c":true},"ix":2},"nm":"Path 4","mn":"ADBE Vector Shape - Group","hd":false},{"ind":4,"ty":"sh","ix":5,"ks":{"a":0,"k":{"i":[[0,0],[0,0],[0,0],[0,0]],"o":[[0,0],[0,0],[0,0],[0,0]],"v":[[57.697,57.472],[67.697,57.472],[67.697,47.472],[57.697,47.472]],"c":true},"ix":2},"nm":"Path 5","mn":"ADBE Vector Shape - Group","hd":false},{"ind":5,"ty":"sh","ix":6,"ks":{"a":0,"k":{"i":[[0,0],[0,0],[0,0],[0,0]],"o":[[0,0],[0,0],[0,0],[0,0]],"v":[[85.488,-12.644],[94.971,-15.817],[94.951,-15.877],[94.93,-15.937]],"c":true},"ix":2},"nm":"Path 6","mn":"ADBE Vector Shape - Group","hd":false},{"ind":6,"ty":"sh","ix":7,"ks":{"a":0,"k":{"i":[[0,0],[10.665,0],[0,0],[-0.556,-1.633]],"o":[[-3.291,-9.67],[0,0],[2.029,0],[0,0]],"v":[[76.011,-70.176],[52.889,-86.629],[52.889,-66.629],[57.077,-63.733]],"c":true},"ix":2},"nm":"Path 7","mn":"ADBE Vector Shape - Group","hd":false},{"ind":7,"ty":"sh","ix":8,"ks":{"a":0,"k":{"i":[[0,0],[0,0],[0,0],[0,0]],"o":[[0,0],[0,0],[0,0],[0,0]],"v":[[52.889,-86.629],[-52.889,-86.629],[-52.889,-66.629],[52.889,-66.629]],"c":true},"ix":2},"nm":"Path 8","mn":"ADBE Vector Shape - Group","hd":false},{"ind":8,"ty":"sh","ix":9,"ks":{"a":0,"k":{"i":[[0,0],[3.374,-9.441],[0,0],[-1.923,0]],"o":[[-10.77,0],[0,0],[0.665,-1.862],[0,0]],"v":[[-52.889,-86.629],[-75.961,-70.319],[-57.127,-63.589],[-52.889,-66.629]],"c":true},"ix":2},"nm":"Path 9","mn":"ADBE Vector Shape - Group","hd":false},{"ind":9,"ty":"sh","ix":10,"ks":{"a":0,"k":{"i":[[0,0],[0,0],[0,0],[0,0]],"o":[[0,0],[0,0],[0,0],[0,0]],"v":[[-75.986,-70.248],[-94.93,-15.937],[-76.046,-9.35],[-57.102,-63.661]],"c":true},"ix":2},"nm":"Path 10","mn":"ADBE Vector Shape - Group","hd":false},{"ind":10,"ty":"sh","ix":11,"ks":{"a":0,"k":{"i":[[0,0],[0,-3.387],[0,0],[-0.366,1.094]],"o":[[-0.98,2.929],[0,0],[0,-1.019],[0,0]],"v":[[-94.971,-15.817],[-96.545,-6.322],[-76.545,-6.322],[-76.005,-9.47]],"c":true},"ix":2},"nm":"Path 11","mn":"ADBE Vector Shape - Group","hd":false},{"ind":11,"ty":"sh","ix":12,"ks":{"a":0,"k":{"i":[[0,0],[0,0],[0,0],[0,0]],"o":[[0,0],[0,0],[0,0],[0,0]],"v":[[-96.545,-6.322],[-96.545,62.261],[-76.545,62.261],[-76.545,-6.322]],"c":true},"ix":2},"nm":"Path 12","mn":"ADBE Vector Shape - Group","hd":false},{"ind":12,"ty":"sh","ix":13,"ks":{"a":0,"k":{"i":[[0,0],[-13.467,0],[0,0],[0,2.391]],"o":[[0,13.51],[0,0],[-2.496,0],[0,0]],"v":[[-96.545,62.261],[-72.121,86.629],[-72.121,66.629],[-76.545,62.261]],"c":true},"ix":2},"nm":"Path 13","mn":"ADBE Vector Shape - Group","hd":false},{"ind":13,"ty":"sh","ix":14,"ks":{"a":0,"k":{"i":[[0,0],[0,13.51],[0,0],[2.495,0]],"o":[[13.467,0],[0,0],[0,2.391],[0,0]],"v":[[-72.121,86.629],[-47.697,62.261],[-67.697,62.261],[-72.121,66.629]],"c":true},"ix":2},"nm":"Path 14","mn":"ADBE Vector Shape - Group","hd":false},{"ind":14,"ty":"sh","ix":15,"ks":{"a":0,"k":{"i":[[0,0],[0,0],[0,0],[0,0]],"o":[[0,0],[0,0],[0,0],[0,0]],"v":[[-47.697,62.261],[-47.697,57.472],[-67.697,57.472],[-67.697,62.261]],"c":true},"ix":2},"nm":"Path 15","mn":"ADBE Vector Shape - Group","hd":false},{"ind":15,"ty":"sh","ix":16,"ks":{"a":0,"k":{"i":[[0,0],[0,0],[0,0],[0,0]],"o":[[0,0],[0,0],[0,0],[0,0]],"v":[[-57.697,67.472],[57.697,67.472],[57.697,47.472],[-57.697,47.472]],"c":true},"ix":2},"nm":"Path 16","mn":"ADBE Vector Shape - Group","hd":false},{"ind":16,"ty":"sh","ix":17,"ks":{"a":0,"k":{"i":[[0,0],[0,0],[0,0],[0,0]],"o":[[0,0],[0,0],[0,0],[0,0]],"v":[[47.697,57.472],[47.697,62.261],[67.697,62.261],[67.697,57.472]],"c":true},"ix":2},"nm":"Path 17","mn":"ADBE Vector Shape - Group","hd":false},{"ind":17,"ty":"sh","ix":18,"ks":{"a":0,"k":{"i":[[0,0],[-13.511,0],[0,0],[0,2.338]],"o":[[0,13.371],[0,0],[-2.452,0],[0,0]],"v":[[47.697,62.261],[72.121,86.629],[72.121,66.629],[67.697,62.261]],"c":true},"ix":2},"nm":"Path 18","mn":"ADBE Vector Shape - Group","hd":false},{"ind":18,"ty":"sh","ix":19,"ks":{"a":0,"k":{"i":[[0,0],[0,13.553],[0,0],[2.443,0]],"o":[[13.328,0],[0,0],[0,2.347],[0,0]],"v":[[72.121,86.629],[96.545,62.261],[76.545,62.261],[72.121,66.629]],"c":true},"ix":2},"nm":"Path 19","mn":"ADBE Vector Shape - Group","hd":false},{"ind":19,"ty":"sh","ix":20,"ks":{"a":0,"k":{"i":[[0,0],[0,0],[0,0],[0,0]],"o":[[0,0],[0,0],[0,0],[0,0]],"v":[[96.545,62.261],[96.545,-6.322],[76.545,-6.322],[76.545,62.261]],"c":true},"ix":2},"nm":"Path 20","mn":"ADBE Vector Shape - Group","hd":false},{"ind":20,"ty":"sh","ix":21,"ks":{"a":0,"k":{"i":[[0,0],[0.989,2.954],[0,0],[0,-0.947]],"o":[[0,-3.268],[0,0],[0.358,1.069],[0,0]],"v":[[96.545,-6.322],[94.971,-15.817],[76.005,-9.47],[76.545,-6.322]],"c":true},"ix":2},"nm":"Path 21","mn":"ADBE Vector Shape - Group","hd":false},{"ind":21,"ty":"sh","ix":22,"ks":{"a":0,"k":{"i":[[0,0],[0,0],[0,0],[0,0]],"o":[[0,0],[0,0],[0,0],[0,0]],"v":[[94.93,-15.937],[75.986,-70.248],[57.102,-63.661],[76.046,-9.35]],"c":true},"ix":2},"nm":"Path 22","mn":"ADBE Vector Shape - Group","hd":false},{"ty":"mm","mm":1,"nm":"Merge Paths 1","mn":"ADBE Vector Filter - Merge","hd":false},{"ty":"fl","c":{"a":0,"k":[0.843137015548,0.937255021638,0.996078012504,1],"ix":4},"o":{"a":0,"k":100,"ix":5},"r":1,"bm":0,"nm":"Fill 1","mn":"ADBE Vector Graphic - Fill","hd":false},{"ty":"tr","p":{"a":0,"k":[151.454,119.902],"ix":2},"a":{"a":0,"k":[0,0],"ix":1},"s":{"a":0,"k":[100,100],"ix":3},"r":{"a":0,"k":0,"ix":6},"o":{"a":0,"k":100,"ix":7},"sk":{"a":0,"k":0,"ix":4},"sa":{"a":0,"k":0,"ix":5},"nm":"Transform"}],"nm":"Group 6","np":24,"cix":2,"bm":0,"ix":5,"mn":"ADBE Vector Group","hd":false},{"ty":"gr","it":[{"ind":0,"ty":"sh","ix":1,"ks":{"a":0,"k":{"i":[[0,0],[6.347,0],[0,0],[2.019,-5.651],[0,0],[0,-2.203],[0,0],[-7.981,0],[0,7.95],[0,0],[0,0],[0,0],[-7.981,0],[0,7.95],[0,0],[0.673,2.012]],"o":[[-1.923,-5.651],[0,0],[-6.347,0],[0,0],[-0.673,2.012],[0,0],[0,7.95],[7.981,0],[0,0],[0,0],[0,0],[0,7.854],[7.885,0],[0,0],[0,-2.107],[0,0]],"v":[[66.544,-66.954],[52.889,-76.629],[-52.889,-76.629],[-66.544,-66.954],[-85.488,-12.644],[-86.545,-6.322],[-86.545,62.261],[-72.121,76.629],[-57.697,62.261],[-57.697,57.472],[57.697,57.472],[57.697,62.261],[72.121,76.629],[86.545,62.261],[86.545,-6.322],[85.488,-12.644]],"c":true},"ix":2},"nm":"Path 1","mn":"ADBE Vector Shape - Group","hd":false},{"ind":1,"ty":"sh","ix":2,"ks":{"a":0,"k":{"i":[[7.981,0],[0,7.95],[-7.981,0],[0,-7.95]],"o":[[-7.981,0],[0,-7.95],[7.981,0],[0,7.95]],"v":[[-52.889,28.736],[-67.313,14.368],[-52.889,0],[-38.465,14.368]],"c":true},"ix":2},"nm":"Path 2","mn":"ADBE Vector Shape - Group","hd":false},{"ind":2,"ty":"sh","ix":3,"ks":{"a":0,"k":{"i":[[7.981,0],[0,7.95],[-7.981,0],[0,-7.95]],"o":[[-7.981,0],[0,-7.95],[7.981,0],[0,7.95]],"v":[[52.889,28.736],[38.465,14.368],[52.889,0],[67.313,14.368]],"c":true},"ix":2},"nm":"Path 3","mn":"ADBE Vector Shape - Group","hd":false},{"ind":3,"ty":"sh","ix":4,"ks":{"a":0,"k":{"i":[[0,0],[0,0],[-4.135,0],[0,0],[-1.346,-3.831],[0,0]],"o":[[0,0],[1.346,-3.831],[0,0],[4.135,0],[0,0],[0,0]],"v":[[-67.313,-19.157],[-55.101,-55.747],[-45.965,-62.261],[45.965,-62.261],[55.101,-55.747],[67.313,-19.157]],"c":true},"ix":2},"nm":"Path 4","mn":"ADBE Vector Shape - Group","hd":false},{"ty":"mm","mm":1,"nm":"Merge Paths 1","mn":"ADBE Vector Filter - Merge","hd":false},{"ty":"fl","c":{"a":0,"k":[0.239216000426,0.862744978362,0.517646998985,1],"ix":4},"o":{"a":0,"k":100,"ix":5},"r":1,"bm":0,"nm":"Fill 1","mn":"ADBE Vector Graphic - Fill","hd":false},{"ty":"tr","p":{"a":0,"k":[86.545,76.629],"ix":2},"a":{"a":0,"k":[0,0],"ix":1},"s":{"a":0,"k":[100,100],"ix":3},"r":{"a":0,"k":0,"ix":6},"o":{"a":0,"k":100,"ix":7},"sk":{"a":0,"k":0,"ix":4},"sa":{"a":0,"k":0,"ix":5},"nm":"Transform"}],"nm":"Group 7","np":6,"cix":2,"bm":0,"ix":6,"mn":"ADBE Vector Group","hd":false}],"ip":96,"op":194,"st":96,"bm":0},{"ddd":0,"ind":8,"ty":4,"nm":"Ellipse 2420 Outlines 10","parent":1,"td":1,"sr":1,"ks":{"o":{"a":0,"k":100,"ix":11},"r":{"a":0,"k":0,"ix":10},"p":{"a":0,"k":[-31.856,-125.838,0],"ix":2,"l":2},"a":{"a":0,"k":[57,57,0],"ix":1,"l":2},"s":{"a":1,"k":[{"i":{"x":[0,0,0],"y":[1,1,1]},"o":{"x":[0.4,0.4,0.4],"y":[0,0,0]},"t":40,"s":[200,200,100]},{"i":{"x":[0,0,0],"y":[1,1,1]},"o":{"x":[0.167,0.167,0.167],"y":[0,0,0]},"t":51,"s":[512,512,100]},{"i":{"x":[0,0,0],"y":[1,1,1]},"o":{"x":[0.167,0.167,0.167],"y":[0,0,0]},"t":92,"s":[512,512,100]},{"i":{"x":[0,0,0],"y":[1,1,1]},"o":{"x":[0.167,0.167,0.167],"y":[0,0,0]},"t":103,"s":[624,624,100]},{"i":{"x":[0,0,0],"y":[1,1,1]},"o":{"x":[0.167,0.167,0.167],"y":[0,0,0]},"t":162,"s":[945,945,100]},{"t":185,"s":[945,945,100]}],"ix":6,"l":2}},"ao":0,"shapes":[{"ty":"gr","it":[{"ind":0,"ty":"sh","ix":1,"ks":{"a":0,"k":{"i":[[0,-31.48],[31.48,0],[0,31.48],[-31.48,0]],"o":[[0,31.48],[-31.48,0],[0,-31.48],[31.48,0]],"v":[[57,0],[0,57],[-57,0],[0,-57]],"c":true},"ix":2},"nm":"Path 1","mn":"ADBE Vector Shape - Group","hd":false},{"ty":"fl","c":{"a":0,"k":[1,1,1,1],"ix":4},"o":{"a":0,"k":100,"ix":5},"r":1,"bm":0,"nm":"Fill 1","mn":"ADBE Vector Graphic - Fill","hd":false},{"ty":"tr","p":{"a":0,"k":[57,57],"ix":2},"a":{"a":0,"k":[0,0],"ix":1},"s":{"a":0,"k":[100,100],"ix":3},"r":{"a":0,"k":0,"ix":6},"o":{"a":0,"k":100,"ix":7},"sk":{"a":0,"k":0,"ix":4},"sa":{"a":0,"k":0,"ix":5},"nm":"Transform"}],"nm":"Group 1","np":2,"cix":2,"bm":0,"ix":1,"mn":"ADBE Vector Group","hd":false}],"ip":10,"op":261,"st":-22,"bm":0},{"ddd":0,"ind":9,"ty":4,"nm":"Shape Layer 12","parent":16,"tt":3,"sr":1,"ks":{"o":{"a":0,"k":100,"ix":11},"r":{"a":0,"k":-8.7,"ix":10},"p":{"a":0,"k":[74.587,47.062,0],"ix":2,"l":2},"a":{"a":0,"k":[182.355,-256.696,0],"ix":1,"l":2},"s":{"a":0,"k":[25.676,26.68,100],"ix":6,"l":2}},"ao":0,"shapes":[{"ty":"gr","it":[{"ty":"rc","d":1,"s":{"a":0,"k":[101,19.5],"ix":2},"p":{"a":0,"k":[0,0],"ix":3},"r":{"a":0,"k":0,"ix":4},"nm":"Rectangle Path 1","mn":"ADBE Vector Shape - Rect","hd":false},{"ty":"fl","c":{"a":0,"k":[0.239215701234,0.862745157878,0.517647058824,1],"ix":4},"o":{"a":0,"k":100,"ix":5},"r":1,"bm":0,"nm":"Fill 1","mn":"ADBE Vector Graphic - Fill","hd":false},{"ty":"tr","p":{"a":0,"k":[183.5,-256.25],"ix":2},"a":{"a":0,"k":[0,0],"ix":1},"s":{"a":0,"k":[100,100],"ix":3},"r":{"a":0,"k":0,"ix":6},"o":{"a":0,"k":100,"ix":7},"sk":{"a":0,"k":0,"ix":4},"sa":{"a":0,"k":0,"ix":5},"nm":"Transform"}],"nm":"Rectangle 1","np":3,"cix":2,"bm":0,"ix":1,"mn":"ADBE Vector Group","hd":false}],"ip":96,"op":181,"st":0,"bm":0},{"ddd":0,"ind":10,"ty":4,"nm":"Shape Layer 1","parent":1,"sr":1,"ks":{"o":{"a":0,"k":100,"ix":11},"r":{"a":1,"k":[{"i":{"x":[0.287],"y":[0.711]},"o":{"x":[0.613],"y":[0]},"t":87,"s":[0]},{"t":96,"s":[171.074]}],"ix":10},"p":{"a":1,"k":[{"i":{"x":0.833,"y":0.833},"o":{"x":0.167,"y":0.167},"t":87,"s":[-32,-147,0],"to":[32.958,-19.958,0],"ti":[-32.958,19.958,0]},{"t":96,"s":[165.75,-266.75,0]}],"ix":2,"l":2},"a":{"a":0,"k":[-33,-138.25,0],"ix":1,"l":2},"s":{"a":1,"k":[{"i":{"x":[0.575,0.575,0.575],"y":[1,1,1.711]},"o":{"x":[0.167,0.167,0.167],"y":[0.167,0.167,0]},"t":52,"s":[80,80,100]},{"i":{"x":[0.667,0.667,0.667],"y":[1,1,1]},"o":{"x":[0.341,0.341,0.341],"y":[0,0,-0.101]},"t":86,"s":[150,150,100]},{"i":{"x":[0.62,0.62,0.62],"y":[0.602,0.602,15.72]},"o":{"x":[0.159,0.159,0.159],"y":[0,0,0]},"t":92,"s":[100,100,100]},{"t":96,"s":[28.292,28.292,100]}],"ix":6,"l":2}},"ao":0,"shapes":[{"ty":"gr","it":[{"ind":0,"ty":"sh","ix":1,"ks":{"a":1,"k":[{"i":{"x":0.833,"y":1},"o":{"x":0.167,"y":0.167},"t":49,"s":[{"i":[[0,0],[0,0],[0,0],[0,0],[0,0],[0,0],[0,0],[0,0],[0,0]],"o":[[0,0],[0,0],[0,0],[0,0],[0,0],[0,0],[0,0],[0,0],[0,0]],"v":[[-273.25,-113],[-164.5,-113],[-130.5,-113.25],[-68.5,-113],[17,-113.25],[64.75,-113],[116.25,-113],[130.5,-112.75],[205.25,-113]],"c":false}]},{"i":{"x":0.833,"y":1},"o":{"x":0.167,"y":0},"t":55,"s":[{"i":[[0,0],[0,0],[0,0],[0,0],[0,0],[0,0],[0,0],[0,0],[0,0]],"o":[[0,0],[0,0],[0,0],[0,0],[0,0],[0,0],[0,0],[0,0],[0,0]],"v":[[-273.25,-117.25],[-164.375,-117.25],[-132.5,-154.75],[-61,-7.5],[8,-274.25],[70.25,-75],[111.75,-162.5],[130.5,-117.25],[208.25,-117]],"c":false}]},{"i":{"x":0.833,"y":0.833},"o":{"x":0.167,"y":0},"t":87,"s":[{"i":[[0,0],[0,0],[0,0],[0,0],[0,0],[0,0],[0,0],[0,0],[0,0]],"o":[[0,0],[0,0],[0,0],[0,0],[0,0],[0,0],[0,0],[0,0],[0,0]],"v":[[-273.25,-117.25],[-164.375,-117.25],[-132.5,-154.75],[-61,-7.5],[8,-274.25],[70.25,-75],[111.75,-162.5],[130.5,-117.25],[208.25,-117]],"c":false}]},{"i":{"x":0.833,"y":1},"o":{"x":0.167,"y":0.167},"t":90,"s":[{"i":[[0,0],[0,0],[0,0],[0,0],[0,0],[0,0],[0,0],[0,0],[0,0]],"o":[[0,0],[0,0],[0,0],[0,0],[0,0],[0,0],[0,0],[0,0],[0,0]],"v":[[-273.25,-113],[-164.5,-113],[-130.5,-113.25],[-68.5,-113],[17,-113.25],[64.75,-113],[116.25,-113],[130.5,-112.75],[205.25,-113]],"c":false}]},{"t":96,"s":[{"i":[[0,0],[0,0],[0,0],[0,0],[0,0],[0,0],[0,0],[0,0],[0,0]],"o":[[0,0],[0,0],[0,0],[0,0],[0,0],[0,0],[0,0],[0,0],[0,0]],"v":[[-187.25,-138],[-164.5,-138],[-125.5,-137.75],[-35,-137.5],[-7,-138.25],[38.25,-138],[111.75,-137.5],[133.5,-138.25],[151.25,-138]],"c":false}]}],"ix":2},"nm":"Path 1","mn":"ADBE Vector Shape - Group","hd":false},{"ty":"tm","s":{"a":0,"k":0,"ix":1},"e":{"a":1,"k":[{"i":{"x":[0.6],"y":[0.2]},"o":{"x":[0.26],"y":[0]},"t":42,"s":[0]},{"t":53,"s":[100]}],"ix":2},"o":{"a":0,"k":0,"ix":3},"m":1,"ix":2,"nm":"Trim Paths 1","mn":"ADBE Vector Filter - Trim","hd":false},{"ty":"st","c":{"a":0,"k":[0.239215701234,0.862745157878,0.517647058824,1],"ix":3},"o":{"a":0,"k":100,"ix":4},"w":{"a":1,"k":[{"i":{"x":[0.833],"y":[0.833]},"o":{"x":[0.167],"y":[0.167]},"t":87,"s":[41]},{"t":96,"s":[65.6]}],"ix":5},"lc":1,"lj":1,"ml":4,"bm":0,"nm":"Stroke 1","mn":"ADBE Vector Graphic - Stroke","hd":false},{"ty":"tr","p":{"a":0,"k":[0,0],"ix":2},"a":{"a":0,"k":[0,0],"ix":1},"s":{"a":0,"k":[100,99.032],"ix":3},"r":{"a":0,"k":0,"ix":6},"o":{"a":0,"k":100,"ix":7},"sk":{"a":0,"k":0,"ix":4},"sa":{"a":0,"k":0,"ix":5},"nm":"Transform"}],"nm":"Shape 1","np":4,"cix":2,"bm":0,"ix":1,"mn":"ADBE Vector Group","hd":false}],"ip":10,"op":96,"st":-20,"bm":0},{"ddd":0,"ind":11,"ty":4,"nm":"Ellipse 2420 Outlines 8","parent":1,"td":1,"sr":1,"ks":{"o":{"a":0,"k":100,"ix":11},"r":{"a":0,"k":0,"ix":10},"p":{"a":0,"k":[-31.856,-125.838,0],"ix":2,"l":2},"a":{"a":0,"k":[57,57,0],"ix":1,"l":2},"s":{"a":1,"k":[{"i":{"x":[0,0,0],"y":[1,1,1]},"o":{"x":[0.4,0.4,0.4],"y":[0,0,0]},"t":40,"s":[200,200,100]},{"i":{"x":[0,0,0],"y":[1,1,1]},"o":{"x":[0.167,0.167,0.167],"y":[0,0,0]},"t":51,"s":[512,512,100]},{"i":{"x":[0,0,0],"y":[1,1,1]},"o":{"x":[0.167,0.167,0.167],"y":[0,0,0]},"t":92,"s":[512,512,100]},{"i":{"x":[0,0,0],"y":[1,1,1]},"o":{"x":[0.167,0.167,0.167],"y":[0,0,0]},"t":103,"s":[624,624,100]},{"i":{"x":[0,0,0],"y":[1,1,1]},"o":{"x":[0.167,0.167,0.167],"y":[0,0,0]},"t":162,"s":[945,945,100]},{"t":185,"s":[945,945,100]}],"ix":6,"l":2}},"ao":0,"shapes":[{"ty":"gr","it":[{"ind":0,"ty":"sh","ix":1,"ks":{"a":0,"k":{"i":[[0,-31.48],[31.48,0],[0,31.48],[-31.48,0]],"o":[[0,31.48],[-31.48,0],[0,-31.48],[31.48,0]],"v":[[57,0],[0,57],[-57,0],[0,-57]],"c":true},"ix":2},"nm":"Path 1","mn":"ADBE Vector Shape - Group","hd":false},{"ty":"fl","c":{"a":0,"k":[1,1,1,1],"ix":4},"o":{"a":0,"k":100,"ix":5},"r":1,"bm":0,"nm":"Fill 1","mn":"ADBE Vector Graphic - Fill","hd":false},{"ty":"tr","p":{"a":0,"k":[57,57],"ix":2},"a":{"a":0,"k":[0,0],"ix":1},"s":{"a":0,"k":[100,100],"ix":3},"r":{"a":0,"k":0,"ix":6},"o":{"a":0,"k":100,"ix":7},"sk":{"a":0,"k":0,"ix":4},"sa":{"a":0,"k":0,"ix":5},"nm":"Transform"}],"nm":"Group 1","np":2,"cix":2,"bm":0,"ix":1,"mn":"ADBE Vector Group","hd":false}],"ip":0,"op":261,"st":-22,"bm":0},{"ddd":0,"ind":12,"ty":4,"nm":"Vector 7 Outlines 4","parent":14,"tt":3,"sr":1,"ks":{"o":{"a":0,"k":100,"ix":11},"r":{"a":0,"k":90,"ix":10},"p":{"a":0,"k":[20.275,86.729,0],"ix":2,"l":2},"a":{"a":0,"k":[20,85.5,0],"ix":1,"l":2},"s":{"a":0,"k":[143.02,67.515,100],"ix":6,"l":2}},"ao":0,"shapes":[{"ty":"gr","it":[{"ind":0,"ty":"sh","ix":1,"ks":{"a":1,"k":[{"i":{"x":0,"y":1},"o":{"x":0.167,"y":0.167},"t":147,"s":[{"i":[[0,0],[0,0],[0,0],[0,0]],"o":[[0,0],[0,0],[0,0],[0,0]],"v":[[-19.923,-1.065],[-19.923,7.982],[20.077,7.982],[20.077,-1.065]],"c":true}]},{"t":156,"s":[{"i":[[0,0],[0,0],[0,0],[0,0]],"o":[[0,0],[0,0],[0,0],[0,0]],"v":[[-20,-85.5],[-20,85.5],[20,85.5],[20,-85.5]],"c":true}]}],"ix":2},"nm":"Path 1","mn":"ADBE Vector Shape - Group","hd":false},{"ty":"fl","c":{"a":0,"k":[0.239216000426,0.862744978362,0.517646998985,1],"ix":4},"o":{"a":0,"k":100,"ix":5},"r":1,"bm":0,"nm":"Fill 1","mn":"ADBE Vector Graphic - Fill","hd":false},{"ty":"tr","p":{"a":0,"k":[20,85.5],"ix":2},"a":{"a":0,"k":[0,0],"ix":1},"s":{"a":0,"k":[100,100],"ix":3},"r":{"a":0,"k":0,"ix":6},"o":{"a":0,"k":100,"ix":7},"sk":{"a":0,"k":0,"ix":4},"sa":{"a":0,"k":0,"ix":5},"nm":"Transform"}],"nm":"Group 1","np":2,"cix":2,"bm":0,"ix":1,"mn":"ADBE Vector Group","hd":false}],"ip":160,"op":233,"st":152,"bm":0},{"ddd":0,"ind":13,"ty":4,"nm":"Ellipse 2420 Outlines 3","parent":1,"td":1,"sr":1,"ks":{"o":{"a":0,"k":100,"ix":11},"r":{"a":0,"k":0,"ix":10},"p":{"a":0,"k":[-31.856,-125.838,0],"ix":2,"l":2},"a":{"a":0,"k":[57,57,0],"ix":1,"l":2},"s":{"a":1,"k":[{"i":{"x":[0,0,0],"y":[1,1,1]},"o":{"x":[0.4,0.4,0.4],"y":[0,0,0]},"t":40,"s":[200,200,100]},{"i":{"x":[0,0,0],"y":[1,1,1]},"o":{"x":[0.167,0.167,0.167],"y":[0,0,0]},"t":51,"s":[512,512,100]},{"i":{"x":[0,0,0],"y":[1,1,1]},"o":{"x":[0.167,0.167,0.167],"y":[0,0,0]},"t":92,"s":[512,512,100]},{"i":{"x":[0,0,0],"y":[1,1,1]},"o":{"x":[0.167,0.167,0.167],"y":[0,0,0]},"t":103,"s":[624,624,100]},{"i":{"x":[0,0,0],"y":[1,1,1]},"o":{"x":[0.167,0.167,0.167],"y":[0,0,0]},"t":162,"s":[945,945,100]},{"t":185,"s":[945,945,100]}],"ix":6,"l":2}},"ao":0,"shapes":[{"ty":"gr","it":[{"ind":0,"ty":"sh","ix":1,"ks":{"a":0,"k":{"i":[[0,-31.48],[31.48,0],[0,31.48],[-31.48,0]],"o":[[0,31.48],[-31.48,0],[0,-31.48],[31.48,0]],"v":[[57,0],[0,57],[-57,0],[0,-57]],"c":true},"ix":2},"nm":"Path 1","mn":"ADBE Vector Shape - Group","hd":false},{"ty":"fl","c":{"a":0,"k":[1,1,1,1],"ix":4},"o":{"a":0,"k":100,"ix":5},"r":1,"bm":0,"nm":"Fill 1","mn":"ADBE Vector Graphic - Fill","hd":false},{"ty":"tr","p":{"a":0,"k":[57,57],"ix":2},"a":{"a":0,"k":[0,0],"ix":1},"s":{"a":0,"k":[100,100],"ix":3},"r":{"a":0,"k":0,"ix":6},"o":{"a":0,"k":100,"ix":7},"sk":{"a":0,"k":0,"ix":4},"sa":{"a":0,"k":0,"ix":5},"nm":"Transform"}],"nm":"Group 1","np":2,"cix":2,"bm":0,"ix":1,"mn":"ADBE Vector Group","hd":false}],"ip":0,"op":261,"st":-22,"bm":0},{"ddd":0,"ind":14,"ty":4,"nm":"Vector 7 Outlines 3","parent":15,"tt":3,"sr":1,"ks":{"o":{"a":0,"k":100,"ix":11},"r":{"a":1,"k":[{"i":{"x":[0.667],"y":[1]},"o":{"x":[0.167],"y":[0.167]},"t":218,"s":[0]},{"t":228,"s":[45]}],"ix":10},"p":{"a":0,"k":[19.729,337.053,0],"ix":2,"l":2},"a":{"a":0,"k":[20,85.5,0],"ix":1,"l":2},"s":{"a":1,"k":[{"i":{"x":[0.564,0.564,0.564],"y":[1,1,1]},"o":{"x":[0.182,0.182,0.182],"y":[0,0,0]},"t":160,"s":[98.667,66.226,100]},{"i":{"x":[0,0,0],"y":[1,1,1]},"o":{"x":[0.38,0.38,0.38],"y":[0,0,0]},"t":218,"s":[124.667,83.677,100]},{"t":228,"s":[0,0,100]}],"ix":6,"l":2}},"ao":0,"shapes":[{"ty":"gr","it":[{"ind":0,"ty":"sh","ix":1,"ks":{"a":0,"k":{"i":[[0,0],[0,0],[0,0],[0,0]],"o":[[0,0],[0,0],[0,0],[0,0]],"v":[[-20,-85.5],[-20,85.5],[20,85.5],[20,-85.5]],"c":true},"ix":2},"nm":"Path 1","mn":"ADBE Vector Shape - Group","hd":false},{"ty":"fl","c":{"a":0,"k":[0.239216000426,0.862744978362,0.517646998985,1],"ix":4},"o":{"a":0,"k":100,"ix":5},"r":1,"bm":0,"nm":"Fill 1","mn":"ADBE Vector Graphic - Fill","hd":false},{"ty":"tr","p":{"a":0,"k":[20,85.5],"ix":2},"a":{"a":0,"k":[0,0],"ix":1},"s":{"a":0,"k":[100,100],"ix":3},"r":{"a":0,"k":0,"ix":6},"o":{"a":0,"k":100,"ix":7},"sk":{"a":0,"k":0,"ix":4},"sa":{"a":0,"k":0,"ix":5},"nm":"Transform"}],"nm":"Group 1","np":2,"cix":2,"bm":0,"ix":1,"mn":"ADBE Vector Group","hd":false}],"ip":160,"op":233,"st":152,"bm":0},{"ddd":0,"ind":15,"ty":3,"nm":"Vector 7 Outlines 5","parent":17,"sr":1,"ks":{"o":{"a":0,"k":100,"ix":11},"r":{"a":0,"k":0,"ix":10},"p":{"a":1,"k":[{"i":{"x":0,"y":1},"o":{"x":0.4,"y":0},"t":162,"s":[57,57,0],"to":[0,-16.333,0],"ti":[0,16.333,0]},{"t":175,"s":[57,-41,0]}],"ix":2,"l":2},"a":{"a":0,"k":[20,85.5,0],"ix":1,"l":2},"s":{"a":0,"k":[38.985,38.931,100],"ix":6,"l":2}},"ao":0,"ip":91,"op":159,"st":73,"bm":0},{"ddd":0,"ind":16,"ty":3,"nm":"Vector 7 Outlines 2","parent":17,"sr":1,"ks":{"o":{"a":0,"k":100,"ix":11},"r":{"a":0,"k":0,"ix":10},"p":{"a":1,"k":[{"i":{"x":0,"y":1},"o":{"x":0.4,"y":0},"t":162,"s":[57,57,0],"to":[0,-16.333,0],"ti":[0,16.333,0]},{"t":175,"s":[57,-41,0]}],"ix":2,"l":2},"a":{"a":0,"k":[20,85.5,0],"ix":1,"l":2},"s":{"a":1,"k":[{"i":{"x":[0.833,0.833,0.833],"y":[0.833,0.833,0.833]},"o":{"x":[0.167,0.167,0.167],"y":[0.167,0.167,0.167]},"t":99,"s":[38.985,38.931,100]},{"t":159,"s":[45.985,45.921,100]}],"ix":6,"l":2}},"ao":0,"ip":91,"op":159,"st":73,"bm":0},{"ddd":0,"ind":17,"ty":4,"nm":"Ellipse 2420 Outlines 2","parent":1,"sr":1,"ks":{"o":{"a":0,"k":100,"ix":11},"r":{"a":0,"k":0,"ix":10},"p":{"a":0,"k":[-24.856,-125.338,0],"ix":2,"l":2},"a":{"a":0,"k":[57,57,0],"ix":1,"l":2},"s":{"a":1,"k":[{"i":{"x":[0,0,0],"y":[1,1,1]},"o":{"x":[0.4,0.4,0.4],"y":[0,0,0]},"t":40,"s":[200,200,100]},{"i":{"x":[0,0,0],"y":[1,1,1]},"o":{"x":[0.167,0.167,0.167],"y":[0,0,0]},"t":67,"s":[945,945,100]},{"i":{"x":[0,0,0],"y":[1,1,1]},"o":{"x":[0.167,0.167,0.167],"y":[0,0,0]},"t":87,"s":[945,945,100]},{"i":{"x":[0,0,0],"y":[1,1,1]},"o":{"x":[0.167,0.167,0.167],"y":[0,0,0]},"t":116,"s":[945,945,100]},{"i":{"x":[0,0,0],"y":[1,1,1]},"o":{"x":[0.167,0.167,0.167],"y":[0,0,0]},"t":162,"s":[945,945,100]},{"i":{"x":[0,0,0],"y":[1,1,1]},"o":{"x":[0.167,0.167,0.167],"y":[0,0,0]},"t":185,"s":[945,945,100]},{"i":{"x":[0.833,0.833,0.833],"y":[1,1,1]},"o":{"x":[0.167,0.167,0.167],"y":[0,0,0]},"t":225,"s":[945,945,100]},{"t":232,"s":[200,200,100]}],"ix":6,"l":2}},"ao":0,"shapes":[{"ty":"gr","it":[{"ind":0,"ty":"sh","ix":1,"ks":{"a":0,"k":{"i":[[0,-31.48],[31.48,0],[0,31.48],[-31.48,0]],"o":[[0,31.48],[-31.48,0],[0,-31.48],[31.48,0]],"v":[[57,0],[0,57],[-57,0],[0,-57]],"c":true},"ix":2},"nm":"Path 1","mn":"ADBE Vector Shape - Group","hd":false},{"ty":"fl","c":{"a":0,"k":[0.843137015548,0.937255021638,0.996078012504,1],"ix":4},"o":{"a":0,"k":100,"ix":5},"r":1,"bm":0,"nm":"Fill 1","mn":"ADBE Vector Graphic - Fill","hd":false},{"ty":"tr","p":{"a":0,"k":[57,57],"ix":2},"a":{"a":0,"k":[0,0],"ix":1},"s":{"a":0,"k":[100,100],"ix":3},"r":{"a":0,"k":0,"ix":6},"o":{"a":0,"k":100,"ix":7},"sk":{"a":0,"k":0,"ix":4},"sa":{"a":0,"k":0,"ix":5},"nm":"Transform"}],"nm":"Group 1","np":2,"cix":2,"bm":0,"ix":1,"mn":"ADBE Vector Group","hd":false}],"ip":0,"op":261,"st":-22,"bm":0},{"ddd":0,"ind":18,"ty":4,"nm":"Rectangle 2950 Outlines 2","parent":1,"sr":1,"ks":{"o":{"a":0,"k":100,"ix":11},"r":{"a":1,"k":[{"t":-23,"s":[-510],"h":1},{"t":-20,"s":[-495],"h":1},{"t":-10,"s":[-480],"h":1},{"t":0,"s":[-465],"h":1},{"t":10,"s":[-450],"h":1},{"t":20,"s":[-435],"h":1},{"t":30,"s":[-420],"h":1},{"t":40,"s":[-405],"h":1},{"t":200,"s":[-555],"h":1},{"t":210,"s":[-540],"h":1},{"t":220,"s":[-525],"h":1},{"t":230,"s":[-510],"h":1},{"t":240,"s":[-495],"h":1},{"t":250,"s":[-480],"h":1},{"t":260,"s":[-465],"h":1},{"t":285,"s":[-465],"h":1},{"t":294,"s":[-450],"h":1},{"t":299,"s":[-420],"h":1}],"ix":10},"p":{"a":0,"k":[-32.622,-125.6,0],"ix":2,"l":2},"a":{"a":0,"k":[55.56,52.045,0],"ix":1,"l":2},"s":{"a":1,"k":[{"i":{"x":[0.833,0.833,0.833],"y":[0.833,0.833,0.833]},"o":{"x":[0.167,0.167,0.167],"y":[0.167,0.167,0.167]},"t":40,"s":[200,200,100]},{"i":{"x":[0.833,0.833,0.833],"y":[0.833,0.833,0.833]},"o":{"x":[0.167,0.167,0.167],"y":[0.167,0.167,0.167]},"t":44,"s":[132,132,100]},{"i":{"x":[0,0,0],"y":[1,1,1]},"o":{"x":[0.4,0.4,0.4],"y":[0,0,0]},"t":225,"s":[61,61,100]},{"t":237,"s":[200,200,100]}],"ix":6,"l":2}},"ao":0,"shapes":[{"ty":"gr","it":[{"ind":0,"ty":"sh","ix":1,"ks":{"a":0,"k":{"i":[[-17.183,17.183],[-17.183,-17.183],[0,0],[17.183,-17.183],[17.183,17.183],[0,0]],"o":[[17.183,-17.183],[0,0],[17.183,17.183],[-17.183,17.183],[0,0],[-17.183,-17.183]],"v":[[-71.064,-71.064],[-8.839,-71.064],[71.064,8.839],[71.064,71.064],[8.839,71.064],[-71.064,-8.839]],"c":true},"ix":2},"nm":"Path 1","mn":"ADBE Vector Shape - Group","hd":false},{"ty":"fl","c":{"a":0,"k":[0.239216000426,0.862744978362,0.517646998985,1],"ix":4},"o":{"a":0,"k":100,"ix":5},"r":1,"bm":0,"nm":"Fill 1","mn":"ADBE Vector Graphic - Fill","hd":false},{"ty":"tr","p":{"a":0,"k":[102.176,102.177],"ix":2},"a":{"a":0,"k":[0,0],"ix":1},"s":{"a":0,"k":[100,100],"ix":3},"r":{"a":0,"k":0,"ix":6},"o":{"a":0,"k":100,"ix":7},"sk":{"a":0,"k":0,"ix":4},"sa":{"a":0,"k":0,"ix":5},"nm":"Transform"}],"nm":"Group 1","np":2,"cix":2,"bm":0,"ix":1,"mn":"ADBE Vector Group","hd":false}],"ip":0,"op":261,"st":-33,"bm":0},{"ddd":0,"ind":19,"ty":4,"nm":"Rectangle 2950 Outlines","parent":1,"sr":1,"ks":{"o":{"a":0,"k":100,"ix":11},"r":{"a":1,"k":[{"i":{"x":[0.833],"y":[0.833]},"o":{"x":[0.167],"y":[0.167]},"t":-20,"s":[89]},{"i":{"x":[0.833],"y":[0.833]},"o":{"x":[0.167],"y":[0.167]},"t":40,"s":[135]},{"i":{"x":[0.833],"y":[0.833]},"o":{"x":[0.167],"y":[0.167]},"t":201,"s":[50.7]},{"i":{"x":[0.833],"y":[0.833]},"o":{"x":[0.167],"y":[0.167]},"t":260,"s":[104.3]},{"t":309,"s":[135]}],"ix":10},"p":{"a":0,"k":[-32,-124,0],"ix":2,"l":2},"a":{"a":0,"k":[67.933,70.94,0],"ix":1,"l":2},"s":{"a":1,"k":[{"i":{"x":[0.833,0.833,0.833],"y":[0.833,0.833,0.833]},"o":{"x":[0.167,0.167,0.167],"y":[0.167,0.167,0.167]},"t":40,"s":[199,199,100]},{"i":{"x":[0.833,0.833,0.833],"y":[0.833,0.833,0.833]},"o":{"x":[0.167,0.167,0.167],"y":[0.167,0.167,0.167]},"t":47,"s":[126,126,100]},{"i":{"x":[0,0,0],"y":[1,1,1]},"o":{"x":[0.4,0.4,0.4],"y":[0,0,0]},"t":225,"s":[68,68,100]},{"t":237,"s":[199,199,100]}],"ix":6,"l":2}},"ao":0,"shapes":[{"ty":"gr","it":[{"ind":0,"ty":"sh","ix":1,"ks":{"a":0,"k":{"i":[[-17.183,17.183],[-17.183,-17.183],[0,0],[17.183,-17.183],[17.183,17.183],[0,0]],"o":[[17.183,-17.183],[0,0],[17.183,17.183],[-17.183,17.183],[0,0],[-17.183,-17.183]],"v":[[-71.064,-71.064],[-8.839,-71.064],[71.064,8.839],[71.064,71.064],[8.839,71.064],[-71.064,-8.839]],"c":true},"ix":2},"nm":"Path 1","mn":"ADBE Vector Shape - Group","hd":false},{"ty":"fl","c":{"a":0,"k":[0.239216000426,0.862744978362,0.517646998985,1],"ix":4},"o":{"a":0,"k":100,"ix":5},"r":1,"bm":0,"nm":"Fill 1","mn":"ADBE Vector Graphic - Fill","hd":false},{"ty":"tr","p":{"a":0,"k":[102.176,102.177],"ix":2},"a":{"a":0,"k":[0,0],"ix":1},"s":{"a":0,"k":[100,100],"ix":3},"r":{"a":0,"k":0,"ix":6},"o":{"a":0,"k":100,"ix":7},"sk":{"a":0,"k":0,"ix":4},"sa":{"a":0,"k":0,"ix":5},"nm":"Transform"}],"nm":"Group 1","np":2,"cix":2,"bm":0,"ix":1,"mn":"ADBE Vector Group","hd":false}],"ip":0,"op":261,"st":-22,"bm":0},{"ddd":0,"ind":20,"ty":4,"nm":"Shape Layer 11","parent":1,"sr":1,"ks":{"o":{"a":0,"k":100,"ix":11},"r":{"a":0,"k":0,"ix":10},"p":{"a":0,"k":[-34,-126,0],"ix":2,"l":2},"a":{"a":0,"k":[-533,-301,0],"ix":1,"l":2},"s":{"a":1,"k":[{"i":{"x":[0,0,0.6],"y":[1,1,1]},"o":{"x":[0.4,0.4,1],"y":[0,0,0]},"t":226,"s":[10,10,100]},{"t":248,"s":[103,103,100]}],"ix":6,"l":2}},"ao":0,"shapes":[{"ty":"gr","it":[{"d":1,"ty":"el","s":{"a":0,"k":[1034,1034],"ix":2},"p":{"a":0,"k":[0,0],"ix":3},"nm":"Ellipse Path 1","mn":"ADBE Vector Shape - Ellipse","hd":false},{"ty":"st","c":{"a":0,"k":[0.84313731474,0.937254961799,0.996078491211,1],"ix":3},"o":{"a":0,"k":100,"ix":4},"w":{"a":0,"k":35,"ix":5},"lc":1,"lj":1,"ml":4,"bm":0,"nm":"Stroke 1","mn":"ADBE Vector Graphic - Stroke","hd":false},{"ty":"tr","p":{"a":0,"k":[-533,-301],"ix":2},"a":{"a":0,"k":[0,0],"ix":1},"s":{"a":0,"k":[100,100],"ix":3},"r":{"a":0,"k":0,"ix":6},"o":{"a":0,"k":100,"ix":7},"sk":{"a":0,"k":0,"ix":4},"sa":{"a":0,"k":0,"ix":5},"nm":"Transform"}],"nm":"Ellipse 1","np":3,"cix":2,"bm":0,"ix":1,"mn":"ADBE Vector Group","hd":false}],"ip":226,"op":294,"st":226,"bm":0},{"ddd":0,"ind":21,"ty":4,"nm":"Shape Layer 10","parent":1,"sr":1,"ks":{"o":{"a":0,"k":100,"ix":11},"r":{"a":0,"k":0,"ix":10},"p":{"a":0,"k":[-34,-126,0],"ix":2,"l":2},"a":{"a":0,"k":[-533,-301,0],"ix":1,"l":2},"s":{"a":1,"k":[{"i":{"x":[0,0,0],"y":[1,1,1]},"o":{"x":[0.4,0.4,0.4],"y":[0,0,0]},"t":40,"s":[103,103,100]},{"t":67,"s":[10,10,100]}],"ix":6,"l":2}},"ao":0,"shapes":[{"ty":"gr","it":[{"d":1,"ty":"el","s":{"a":0,"k":[1034,1034],"ix":2},"p":{"a":0,"k":[0,0],"ix":3},"nm":"Ellipse Path 1","mn":"ADBE Vector Shape - Ellipse","hd":false},{"ty":"st","c":{"a":0,"k":[0.84313731474,0.937254961799,0.996078491211,1],"ix":3},"o":{"a":0,"k":100,"ix":4},"w":{"a":0,"k":35,"ix":5},"lc":1,"lj":1,"ml":4,"bm":0,"nm":"Stroke 1","mn":"ADBE Vector Graphic - Stroke","hd":false},{"ty":"tr","p":{"a":0,"k":[-533,-301],"ix":2},"a":{"a":0,"k":[0,0],"ix":1},"s":{"a":0,"k":[100,100],"ix":3},"r":{"a":0,"k":0,"ix":6},"o":{"a":0,"k":100,"ix":7},"sk":{"a":0,"k":0,"ix":4},"sa":{"a":0,"k":0,"ix":5},"nm":"Transform"}],"nm":"Ellipse 1","np":3,"cix":2,"bm":0,"ix":1,"mn":"ADBE Vector Group","hd":false}],"ip":0,"op":68,"st":0,"bm":0}],"markers":[]}